CNPJ,TOTAL_COMPRA_ULT12,TOTAL_VENDA_ULT12,RANGE_MESES
13.338.734/0001-27,1290.6332858053258,1242.4341920000002,202407-202506
